R3.14.12.8,Version,AbDf1,StreamDevice,agSeq,astlib,asyn,autosave,bancomm,drvSerial,ecsMotorRecord,gemUtil,geminiRec,iocStats,ipac,oiwfsgw,pcre,pmaclib,pvload,rtemsutils,seeingMonitors,seq,slalib,std,support,symb,tcslib,timeProbe,timelib,tptlib,watchdog,wsSensor,wsWeb,xycom,
ag-cp-ioc,1-0,-,-,-,-,-,-,1-6-10,-,-,1-5,4-1-6,3-1-14-4,-,-,-,1-1-8,1-1-3,-,-,2-2-3-2,1-9-8,-,work,-,1-0-10,1-1-7,1-9-17,-,-,-,-,2-1-5,
ag-cp-ioc,1-0-0,-,-,1-0,-,-,-,1-6-10,-,-,1-5,4-1-6,3-1-14-4,-,1-0,-,1-1-8,1-1-3,-,-,2-2-3-2,1-9-8,-,work,-,1-0-10,1-1-7,1-9-17,-,-,-,-,2-1-5,
ag-cp-ioc,1-0-1,-,-,1-0,-,-,-,1-6-10,-,-,1-5,4-1-6,3-1-14-4,-,1-0,-,1-1-8,1-1-3,-,-,2-2-3-2,1-9-8,-,work,-,1-0-10,1-1-7,1-9-17,-,-,-,-,2-1-5,
ag-cp-ioc,1-1,-,-,1-0,-,-,-,1-6-10,-,-,1-5,4-1-6,3-1-14-4,-,1-0,-,1-1-8,1-1-3,-,-,2-2-3-2,1-9-8,-,work,-,1-0-10,1-1-7,1-9-17,-,-,-,-,2-1-5,
ag-cp-ioc,1-10,-,-,2-6,-,-,-,1-6-10,-,-,1-13,4-1-11,3-1-16-5,-,2-0,-,1-1-12,1-1-4,-,-,2-2-5-3,1-9-10,-,work,-,1-0-16,1-1-15,2-0-8,-,-,-,-,2-1-8,
ag-cp-ioc,1-11,-,-,2-6,-,-,-,1-6-10,-,-,1-13,4-1-11,3-1-16-5,-,2-1,-,1-1-12,1-1-4,-,-,2-2-5-3,1-9-10,-,work,-,1-0-16,1-1-15,2-0-8,-,-,-,-,2-1-8,
ag-cp-ioc,1-2,-,-,1-0,-,-,-,1-6-10,-,-,1-5,4-1-6,3-1-14-4,-,1-0,-,1-1-8,1-1-3,-,-,2-2-3-2,1-9-8,-,work,-,1-0-10,1-1-7,1-9-17,-,-,-,-,2-1-5,
ag-cp-ioc,1-3,-,-,2-0,-,-,-,1-6-10,-,-,1-13,4-1-11,3-1-16-5,-,2-0,-,1-1-12,1-1-4,-,-,2-2-5-3,1-9-10,-,work,-,1-0-16,1-1-15,2-0-8,-,-,-,-,2-1-8,
ag-cp-ioc,1-4,-,-,2-0,-,-,-,1-6-10,-,-,1-13,4-1-11,3-1-16-5,-,2-0,-,1-1-12,1-1-4,-,-,2-2-5-3,1-9-10,-,work,-,1-0-16,1-1-15,2-0-8,-,-,-,-,2-1-8,
ag-cp-ioc,1-5,-,-,2-1,-,-,-,1-6-10,-,-,1-13,4-1-11,3-1-16-5,-,2-0,-,1-1-12,1-1-4,-,-,2-2-5-3,1-9-10,-,work,-,1-0-16,1-1-15,2-0-8,-,-,-,-,2-1-8,
ag-cp-ioc,1-6,-,-,2-4,-,-,-,1-6-10,-,-,1-13,4-1-11,3-1-16-5,-,2-0,-,1-1-12,1-1-4,-,-,2-2-5-3,1-9-10,-,work,-,1-0-16,1-1-15,2-0-8,-,-,-,-,2-1-8,
ag-cp-ioc,1-7,-,-,2-4,-,-,-,1-6-10,-,-,1-13,4-1-11,3-1-16-5,-,2-0,-,1-1-12,1-1-4,-,-,2-2-5-3,1-9-10,-,work,-,1-0-16,1-1-15,2-0-8,-,-,-,-,2-1-8,
ag-cp-ioc,1-8,-,-,2-5,-,-,-,1-6-10,-,-,1-13,4-1-11,3-1-16-5,-,2-0,-,1-1-12,1-1-4,-,-,2-2-5-3,1-9-10,-,work,-,1-0-16,1-1-15,2-0-8,-,-,-,-,2-1-8,
ag-cp-ioc,1-9,-,-,2-5,-,-,-,1-6-10,-,-,1-13,4-1-11,3-1-16-5,-,2-0,-,1-1-12,1-1-4,-,-,2-2-5-3,1-9-10,-,work,-,1-0-16,1-1-15,2-0-8,-,-,-,-,2-1-8,
crcs-cp-ioc,2-0,-,-,-,-,-,5-7-1-3,1-6-10,-,-,1-13,4-1-11,3-1-16-5,-,-,-,1-1-12,1-1-4,1-4-2,-,2-2-5-3,1-9-10,-,work,-,-,1-1-15,2-0-8,-,-,-,-,2-1-8,
crcs-cp-ioc,2-1,-,-,-,-,-,5-7-1-3,1-6-10,-,-,1-13,4-1-11,3-1-16-5,-,-,-,1-1-12,1-1-4,1-4-2,-,2-2-5-3,1-9-10,-,work,-,-,1-1-15,2-0-8,-,-,-,-,2-1-8,
crcs-cp-ioc,2-2,-,-,-,-,-,5-7-1-3,1-6-10,-,-,1-13,4-1-11,3-1-16-5,-,-,-,1-1-12,1-1-4,1-4-2,-,2-2-5-3,1-9-10,-,work,-,-,1-1-15,2-0-8,-,-,-,-,2-1-8,
dummy-cp-ioc,0-0,-,-,-,-,-,-,-,-,-,-,work,-,-,-,-,-,-,-,-,-,-,-,work,-,-,-,-,-,-,-,-,-,
ecs-cp-ioc,1-0-3,2-0-3,-,-,-,-,-,-,2-0-7,1-0-1,1-13,4-1-11,3-1-16-5,-,-,-,-,1-1-4,-,-,2-2-5-3,-,-,work,-,-,-,-,-,-,-,-,2-1-8,
gws-cp-ioc,1-14,-,2-7-7-3,-,-,4-34-1,-,-,-,-,1-11,4-1-9,3-1-16-5,-,-,8-38-3,-,1-1-4,-,1-8,2-2-5-3,-,3-4-3,work,-,-,-,-,-,-,1-12,1-11,-,
mcs-cp-ioc,2-0,-,-,-,-,-,-,1-6-10,-,-,1-13,4-1-11,3-1-16-5,-,-,-,1-1-12,1-1-4,1-4-2,-,2-2-5-3,1-9-10,-,work,-,-,1-1-15,2-0-8,-,-,-,-,2-1-8,
mcs-cp-ioc,2-1,-,-,-,-,-,-,1-6-10,-,-,1-13,4-1-11,3-1-16-5,-,-,-,1-1-12,1-1-4,1-4-2,-,2-2-5-3,1-9-10,-,work,-,-,1-1-15,2-0-8,-,-,-,-,2-1-8,
mcs-cp-ioc,2-2,-,-,-,-,-,-,1-6-10,-,-,1-13,4-1-11,3-1-16-5,-,-,-,1-1-12,1-1-4,1-4-2,-,2-2-5-3,1-9-10,-,work,-,-,1-1-15,2-0-8,-,-,-,-,2-1-8,
mcs-cp-ioc,2-3,-,-,-,-,-,-,1-6-10,-,-,1-13,4-1-11,3-1-16-5,-,-,-,1-1-12,1-1-4,1-4-2,-,2-2-5-3,1-9-10,-,work,-,-,1-1-15,2-0-8,-,-,-,-,2-1-8,
pcs-cp-ioc,5-0,-,-,-,-,4-34-1,-,-,-,-,1-8,4-1-6,3-1-16-5,2-14-3,-,-,-,1-1-3,-,-,2-2-5-3,-,3-4-3,work,1-1-4,-,-,-,-,-,-,-,2-1-5,
tcs-cp-ioc,2-4-8,-,-,-,1-6-5,-,-,1-6-8,-,-,1-8,4-1-6,3-1-14-4,-,-,-,-,1-1-3,1-4-1,-,2-2-3-2,1-9-7,-,work,-,1-0-7,1-1-5,1-9-13,1-0-2,1-2,-,-,2-1-5,
tcs-cp-ioc,2-4-8-1,-,-,-,1-6-5,-,-,1-6-8,-,-,1-8,4-1-6,3-1-14-6,-,-,-,-,1-1-3,1-4-1,-,2-2-3-2,1-9-7,-,work,-,1-0-7,1-1-5,1-9-13,1-0-2,1-2,-,-,2-1-5,
tcs-cp-ioc,2-4-8-save,-,-,-,1-6-5,-,-,1-6-8,-,-,1-8,4-1-6,3-1-14-4,-,-,-,-,1-1-3,1-4-1,-,2-2-3-2,1-9-7,-,work,-,1-0-7,1-1-5,1-9-13,1-0-2,1-2,-,-,2-1-5,
tcs-cp-ioc,2-5-0,-,-,-,1-6-5,-,-,1-6-8,-,-,1-8,4-1-6,3-1-14-6,-,-,-,-,1-1-3,1-4-1,-,2-2-3-2,1-9-7,-,work,-,1-0-7,1-1-5,1-9-13,1-0-2,1-2,-,-,2-1-5,
tcs-cp-ioc,2-5-1,-,-,-,1-6-5,-,-,1-6-8,-,-,1-8,4-1-6,3-1-14-6,-,-,-,-,1-1-3,1-4-1,-,2-2-3-2,1-9-7,-,work,-,1-0-7,1-1-5,1-9-13,1-0-2,1-2,-,-,2-1-5,
tcs-cp-ioc,2-7-0,-,-,-,1-6-5,-,-,1-6-8,-,-,1-8,4-1-6,3-1-14-6,-,-,-,-,1-1-3,1-4-1,-,2-2-3-2,1-9-7,-,-,-,1-0-7,1-1-5,1-9-13,1-0-2,-,-,-,2-1-5,
tcs-cp-ioc,2-7-1,-,-,-,1-6-5,-,-,1-6-8,-,-,1-8,4-1-6,3-1-14-6,-,-,-,-,1-1-3,1-4-1,-,2-2-3-2,1-9-7,-,-,-,1-0-7,1-1-5,1-9-13,1-0-2,-,-,-,2-1-5,
tcs-cp-ioc,2-7-2-rc,-,-,-,1-6-5,-,-,1-6-8,-,-,1-8,4-1-6,3-1-14-6,-,-,-,-,1-1-3,1-4-1,-,2-2-3-2,1-9-7,-,-,-,1-0-7,1-1-5,1-9-13,1-0-2,-,-,-,2-1-5,
tcs-cp-ioc,2-7-2-rc1,-,-,-,1-6-5,-,-,1-6-8,-,-,1-8,4-1-6,3-1-14-6,-,-,-,-,1-1-3,1-4-1,-,2-2-3-2,1-9-7,-,-,-,1-0-7,1-1-5,1-9-13,1-0-2,-,-,-,2-1-5,
tcs-cp-ioc,pdev2-ws,-,-,-,1-6-5,-,-,1-6-8,-,-,1-8,4-1-6,3-1-14-6,-,-,-,-,1-1-3,1-4-1,-,2-2-3-2,1-9-7,-,-,-,1-0-7,1-1-5,1-9-13,1-0-2,-,-,-,2-1-5,
